{
  "crocodiles": [
    {
      "id": 1,
      "name": "Bert",
      "sex": "M",
      "date_of_birth": "2010-06-27",
      "age": 9
    },
    {
      "id": 2,
      "name": "Ed",
      "sex": "M",
      "date_of_birth": "1995-02-27",
      "age": 25
    },
    {
      "id": 3,
      "name": "Lyle the Crocodile",
      "sex": "M",
      "date_of_birth": "1985-03-03",
      "age": 35
    },
    {
      "id": 4,
      "name": "Solomon",
      "sex": "M",
      "date_of_birth": "1993-12-25",
      "age": 26
    },
    {
      "id": 5,
      "name": "The gharial",
      "sex": "F",
      "date_of_birth": "2004-06-28",
      "age": 15
    },
    {
      "id": 6,
      "name": "Sang Buaya",
      "sex": "F",
      "date_of_birth": "2006-01-28",
      "age": 14
    },
    {
      "id": 7,
      "name": "Sobek",
      "sex": "F",
      "date_of_birth": "1854-09-02",
      "age": 165
    },
    {
      "id": 8,
      "name": "Curious George",
      "sex": "M",
      "date_of_birth": "1981-01-03",
      "age": 39
    }
  ]
}